"name","region","country","lat","lon","tz_id","localtime_epoch","localtime","time","temp_c","temp_f","condition_text","condition_icon","wind_mph","wind_kph","wind_degree","wind_dir","pressure_mb","pressure_in","precip_mm","precip_in","snow_cm","humidity","cloud","feelslike_c","feelslike_f","windchill_c","windchill_f","heatindex_c","heatindex_f","dewpoint_c","dewpoint_f","will_it_rain","chance_of_rain","will_it_snow","chance_of_snow","vis_km","vis_miles","gust_mph","gust_kph","uv"
Kathmandu,"",Nepal,27.7167,85.3167,Asia/Kathmandu,1745491708,"2025-04-24 16:33","2025-04-24 23:00",19.9,67.8,Clear,//cdn.weatherapi.com/weather/64x64/night/113.png,2.0,3.2,60,ENE,1008.0,29.76,0.0,0.0,0.0,22,0,19.9,67.8,19.9,67.8,19.9,67.8,-2.6,27.3,0,0,0,0,10.0,6.0,4.2,6.8,0.0
Kathmandu,"",Nepal,27.7167,85.3167,Asia/Kathmandu,1745491708,"2025-04-24 16:33","2025-04-24 22:00",20.5,68.9,Clear,//cdn.weatherapi.com/weather/64x64/night/113.png,2.2,3.6,57,ENE,1008.0,29.77,0.0,0.0,0.0,22,0,20.5,68.8,20.5,68.8,20.5,68.8,-2.1,28.3,0,0,0,0,10.0,6.0,4.7,7.6,0.0
Kathmandu,"",Nepal,27.7167,85.3167,Asia/Kathmandu,1745491708,"2025-04-24 16:33","2025-04-24 21:00",21.4,70.6,Clear,//cdn.weatherapi.com/weather/64x64/night/113.png,2.0,3.2,41,NE,1008.0,29.77,0.0,0.0,0.0,22,0,21.5,70.6,21.5,70.6,22.1,71.7,-1.4,29.6,0,0,0,0,10.0,6.0,4.2,6.8,0.0
Kathmandu,"",Nepal,27.7167,85.3167,Asia/Kathmandu,1745491708,"2025-04-24 16:33","2025-04-24 20:00",22.7,72.9,Clear,//cdn.weatherapi.com/weather/64x64/night/113.png,1.1,1.8,17,NNE,1008.0,29.76,0.0,0.0,0.0,22,0,22.7,72.8,22.7,72.9,22.7,72.8,-0.1,31.9,0,0,0,0,10.0,6.0,2.3,3.8,0.0
Kathmandu,"",Nepal,27.7167,85.3167,Asia/Kathmandu,1745491708,"2025-04-24 16:33","2025-04-24 19:00",23.3,74.0,Clear,//cdn.weatherapi.com/weather/64x64/night/113.png,0.7,1.1,227,SW,1007.0,29.74,0.0,0.0,0.0,22,0,23.1,73.5,23.3,74.0,23.1,73.5,0.7,33.2,0,0,0,0,10.0,6.0,1.4,2.3,0.0
Kathmandu,"",Nepal,27.7167,85.3167,Asia/Kathmandu,1745491708,"2025-04-24 16:33","2025-04-24 18:00",24.6,76.2,Sunny,//cdn.weatherapi.com/weather/64x64/day/113.png,2.2,3.6,207,SSW,1006.0,29.7,0.0,0.0,0.0,22,0,23.7,74.6,24.6,76.2,23.7,74.6,1.3,34.3,0,0,0,0,10.0,6.0,4.7,7.6,6.0
Kathmandu,"",Nepal,27.7167,85.3167,Asia/Kathmandu,1745491708,"2025-04-24 16:33","2025-04-24 17:00",28.6,83.5,Sunny,//cdn.weatherapi.com/weather/64x64/day/113.png,5.1,8.3,215,SW,1004.0,29.66,0.0,0.0,0.0,19,0,26.5,79.7,28.6,83.5,26.5,79.7,2.9,37.2,0,0,0,0,10.0,6.0,7.2,11.7,7.0
Kathmandu,"",Nepal,27.7167,85.3167,Asia/Kathmandu,1745491708,"2025-04-24 16:33","2025-04-24 16:00",30.5,86.9,Sunny,//cdn.weatherapi.com/weather/64x64/day/113.png,7.8,12.6,223,SW,1004.0,29.64,0.0,0.0,0.0,15,0,28.3,82.9,30.5,86.9,28.3,82.9,1.2,34.2,0,0,0,0,10.0,6.0,9.0,14.5,8.0
Kathmandu,"",Nepal,27.7167,85.3167,Asia/Kathmandu,1745491708,"2025-04-24 16:33","2025-04-24 15:00",31.3,88.4,Sunny,//cdn.weatherapi.com/weather/64x64/day/113.png,8.9,14.4,219,SW,1003.0,29.62,0.0,0.0,0.0,15,0,29.1,84.4,31.3,88.4,29.1,84.4,2.0,35.5,0,0,0,0,10.0,6.0,10.3,16.6,8.0
Kathmandu,"",Nepal,27.7167,85.3167,Asia/Kathmandu,1745491708,"2025-04-24 16:33","2025-04-24 14:00",31.8,89.3,Sunny,//cdn.weatherapi.com/weather/64x64/day/113.png,9.6,15.5,213,SSW,1003.0,29.63,0.0,0.0,0.0,15,0,29.6,85.3,31.8,89.3,29.6,85.3,2.2,36.0,0,0,0,0,10.0,6.0,11.1,17.8,8.0
Kathmandu,"",Nepal,27.7167,85.3167,Asia/Kathmandu,1745491708,"2025-04-24 16:33","2025-04-24 13:00",32.1,89.8,Sunny,//cdn.weatherapi.com/weather/64x64/day/113.png,9.8,15.8,211,SSW,1004.0,29.65,0.0,0.0,0.0,15,0,29.9,85.8,32.1,89.8,29.9,85.8,1.9,35.5,0,0,0,0,10.0,6.0,11.3,18.2,8.0
Kathmandu,"",Nepal,27.7167,85.3167,Asia/Kathmandu,1745491708,"2025-04-24 16:33","2025-04-24 12:00",32.1,89.8,Sunny,//cdn.weatherapi.com/weather/64x64/day/113.png,7.6,12.2,211,SSW,1005.0,29.67,0.0,0.0,0.0,14,0,29.9,85.8,32.1,89.8,29.9,85.8,1.2,34.1,0,0,0,0,10.0,6.0,8.7,14.1,8.0
Kathmandu,"",Nepal,27.7167,85.3167,Asia/Kathmandu,1745491708,"2025-04-24 16:33","2025-04-24 11:00",31.6,88.9,Sunny,//cdn.weatherapi.com/weather/64x64/day/113.png,5.6,9.0,206,SSW,1006.0,29.69,0.0,0.0,0.0,14,0,29.4,84.9,31.6,88.9,29.4,84.9,0.6,33.1,0,0,0,0,10.0,6.0,6.4,10.4,8.0
Kathmandu,"",Nepal,27.7167,85.3167,Asia/Kathmandu,1745491708,"2025-04-24 16:33","2025-04-24 10:00",31.0,87.9,Sunny,//cdn.weatherapi.com/weather/64x64/day/113.png,4.3,6.8,190,S,1006.0,29.71,0.0,0.0,0.0,14,0,28.8,83.8,31.1,87.9,28.8,83.8,0.6,33.0,0,0,0,0,10.0,6.0,4.9,7.9,8.0
Kathmandu,"",Nepal,27.7167,85.3167,Asia/Kathmandu,1745491708,"2025-04-24 16:33","2025-04-24 09:00",29.9,85.9,Sunny,//cdn.weatherapi.com/weather/64x64/day/113.png,3.8,6.1,167,SSE,1007.0,29.73,0.0,0.0,0.0,15,0,27.7,81.9,30.0,85.9,27.7,81.9,0.9,33.5,0,0,0,0,10.0,6.0,4.4,7.1,7.0
Kathmandu,"",Nepal,27.7167,85.3167,Asia/Kathmandu,1745491708,"2025-04-24 16:33","2025-04-24 08:00",28.1,82.6,Sunny,//cdn.weatherapi.com/weather/64x64/day/113.png,3.8,6.1,141,SE,1007.0,29.72,0.0,0.0,0.0,18,0,26.1,79.0,28.1,82.6,26.1,79.0,1.4,34.6,0,0,0,0,10.0,6.0,4.4,7.1,7.0
Kathmandu,"",Nepal,27.7167,85.3167,Asia/Kathmandu,1745491708,"2025-04-24 16:33","2025-04-24 07:00",25.7,78.3,Sunny,//cdn.weatherapi.com/weather/64x64/day/113.png,3.6,5.8,109,ESE,1006.0,29.71,0.0,0.0,0.0,22,0,24.4,76.0,25.7,78.3,24.4,76.0,2.2,36.0,0,0,0,0,10.0,6.0,4.1,6.6,7.0
Kathmandu,"",Nepal,27.7167,85.3167,Asia/Kathmandu,1745491708,"2025-04-24 16:33","2025-04-24 06:00",21.7,71.1,Sunny,//cdn.weatherapi.com/weather/64x64/day/113.png,3.4,5.4,79,E,1006.0,29.72,0.0,0.0,0.0,29,0,21.7,71.1,21.7,71.1,23.1,73.5,3.0,37.3,0,0,0,0,10.0,6.0,6.5,10.4,6.0
Kathmandu,"",Nepal,27.7167,85.3167,Asia/Kathmandu,1745491708,"2025-04-24 16:33","2025-04-24 05:00",19.0,66.1,Clear,//cdn.weatherapi.com/weather/64x64/night/113.png,4.0,6.5,72,ENE,1006.0,29.71,0.0,0.0,0.0,30,0,19.0,66.1,19.0,66.1,19.0,66.1,0.9,33.6,0,0,0,0,10.0,6.0,8.5,13.6,0.0
Kathmandu,"",Nepal,27.7167,85.3167,Asia/Kathmandu,1745491708,"2025-04-24 16:33","2025-04-24 04:00",19.2,66.5,Clear,//cdn.weatherapi.com/weather/64x64/night/113.png,3.8,6.1,68,ENE,1005.0,29.69,0.0,0.0,0.0,29,0,19.2,66.5,19.2,66.5,19.2,66.5,0.8,33.4,0,0,0,0,10.0,6.0,8.0,12.9,0.0
Kathmandu,"",Nepal,27.7167,85.3167,Asia/Kathmandu,1745491708,"2025-04-24 16:33","2025-04-24 03:00",19.4,67.0,Clear,//cdn.weatherapi.com/weather/64x64/night/113.png,3.8,6.1,73,ENE,1005.0,29.68,0.0,0.0,0.0,29,0,19.4,67.0,19.4,67.0,19.4,67.0,0.9,33.5,0,0,0,0,10.0,6.0,8.0,12.9,0.0
Kathmandu,"",Nepal,27.7167,85.3167,Asia/Kathmandu,1745491708,"2025-04-24 16:33","2025-04-24 02:00",19.8,67.7,Clear,//cdn.weatherapi.com/weather/64x64/night/113.png,3.6,5.8,71,ENE,1005.0,29.68,0.0,0.0,0.0,28,0,19.8,67.7,19.8,67.7,19.8,67.7,0.8,33.5,0,0,0,0,10.0,6.0,7.5,12.1,0.0
Kathmandu,"",Nepal,27.7167,85.3167,Asia/Kathmandu,1745491708,"2025-04-24 16:33","2025-04-24 01:00",20.3,68.6,Clear,//cdn.weatherapi.com/weather/64x64/night/113.png,3.4,5.4,66,ENE,1005.0,29.69,0.0,0.0,0.0,27,0,20.3,68.6,20.3,68.6,20.3,68.6,0.8,33.4,0,0,0,0,10.0,6.0,7.0,11.3,0.0
Kathmandu,"",Nepal,27.7167,85.3167,Asia/Kathmandu,1745491708,"2025-04-24 16:33","2025-04-24 00:00",20.7,69.3,Clear,//cdn.weatherapi.com/weather/64x64/night/113.png,2.7,4.3,57,ENE,1006.0,29.7,0.0,0.0,0.0,27,0,20.7,69.3,20.7,69.3,20.7,69.3,1.0,33.8,0,0,0,0,10.0,6.0,5.6,9.1,0.0
Kathmandu,"",Nepal,27.7167,85.3167,Asia/Kathmandu,1745490818,"2025-04-24 16:18","2025-04-23 23:00",21.6,70.9,Clear,//cdn.weatherapi.com/weather/64x64/night/113.png,2.0,3.2,47,NE,1006.0,29.7,0.0,0.0,0.0,27,0,21.6,70.9,21.6,70.9,22.8,73.0,1.6,34.9,0,0,0,0,10.0,6.0,4.2,6.8,0.0
Kathmandu,"",Nepal,27.7167,85.3167,Asia/Kathmandu,1745490818,"2025-04-24 16:18","2025-04-23 22:00",21.9,71.5,Clear,//cdn.weatherapi.com/weather/64x64/night/113.png,1.6,2.5,9,N,1006.0,29.71,0.0,0.0,0.0,28,0,21.9,71.5,21.9,71.5,23.1,73.6,2.9,37.2,0,0,0,0,10.0,6.0,3.3,5.3,0.0
Kathmandu,"",Nepal,27.7167,85.3167,Asia/Kathmandu,1745490818,"2025-04-24 16:18","2025-04-23 21:00",22.8,73.0,Clear,//cdn.weatherapi.com/weather/64x64/night/113.png,1.8,2.9,335,NNW,1006.0,29.72,0.0,0.0,0.0,29,0,23.5,74.3,22.8,73.0,23.5,74.3,4.0,39.3,0,0,0,0,10.0,6.0,3.8,6.0,0.0
Kathmandu,"",Nepal,27.7167,85.3167,Asia/Kathmandu,1745490818,"2025-04-24 16:18","2025-04-23 20:00",23.2,73.8,Clear,//cdn.weatherapi.com/weather/64x64/night/113.png,2.2,3.6,300,WNW,1006.0,29.71,0.0,0.0,0.0,29,0,23.6,74.6,23.2,73.8,23.6,74.6,4.1,39.4,0,0,0,0,10.0,6.0,4.7,7.6,0.0
Kathmandu,"",Nepal,27.7167,85.3167,Asia/Kathmandu,1745490818,"2025-04-24 16:18","2025-04-23 19:00",23.8,74.8,Clear,//cdn.weatherapi.com/weather/64x64/night/113.png,2.9,4.7,277,W,1006.0,29.7,0.0,0.0,0.0,27,0,23.8,74.8,23.8,74.8,23.8,74.8,3.8,38.8,0,0,0,0,10.0,6.0,6.1,9.8,0.0
Kathmandu,"",Nepal,27.7167,85.3167,Asia/Kathmandu,1745490818,"2025-04-24 16:18","2025-04-23 18:00",24.9,76.8,Sunny,//cdn.weatherapi.com/weather/64x64/day/113.png,4.0,6.5,267,W,1004.0,29.66,0.0,0.0,0.0,25,0,24.2,75.5,24.9,76.8,24.2,75.5,3.3,37.9,0,0,0,0,10.0,6.0,8.5,13.6,6.0
Kathmandu,"",Nepal,27.7167,85.3167,Asia/Kathmandu,1745490818,"2025-04-24 16:18","2025-04-23 17:00",28.8,83.8,Sunny,//cdn.weatherapi.com/weather/64x64/day/113.png,5.4,8.6,254,WSW,1003.0,29.62,0.0,0.0,0.0,20,0,26.7,80.0,28.8,83.8,26.7,80.0,3.6,38.4,0,0,0,0,10.0,6.0,7.5,12.0,7.0
Kathmandu,"",Nepal,27.7167,85.3167,Asia/Kathmandu,1745490818,"2025-04-24 16:18","2025-04-23 16:00",30.7,87.3,Sunny,//cdn.weatherapi.com/weather/64x64/day/113.png,7.4,11.9,252,WSW,1002.0,29.6,0.0,0.0,0.0,15,0,28.5,83.2,30.7,87.3,28.5,83.2,1.1,33.9,0,0,0,0,10.0,6.0,8.5,13.7,8.0
Kathmandu,"",Nepal,27.7167,85.3167,Asia/Kathmandu,1745490818,"2025-04-24 16:18","2025-04-23 15:00",31.6,88.9,Sunny,//cdn.weatherapi.com/weather/64x64/day/113.png,8.1,13.0,247,WSW,1002.0,29.6,0.0,0.0,0.0,14,0,29.4,84.9,31.6,88.9,29.4,84.9,1.1,34.0,0,0,0,0,10.0,6.0,9.3,14.9,8.0
Kathmandu,"",Nepal,27.7167,85.3167,Asia/Kathmandu,1745490818,"2025-04-24 16:18","2025-04-23 14:00",32.2,89.9,Sunny,//cdn.weatherapi.com/weather/64x64/day/113.png,8.7,14.0,245,WSW,1003.0,29.61,0.0,0.0,0.0,14,0,29.9,85.9,32.2,89.9,29.9,85.9,1.3,34.4,0,0,0,0,10.0,6.0,10.0,16.2,8.0
Kathmandu,"",Nepal,27.7167,85.3167,Asia/Kathmandu,1745490818,"2025-04-24 16:18","2025-04-23 13:00",32.3,90.2,Sunny,//cdn.weatherapi.com/weather/64x64/day/113.png,8.5,13.7,247,WSW,1003.0,29.63,0.0,0.0,0.0,14,0,30.2,86.3,32.4,90.2,30.2,86.3,1.3,34.3,0,0,0,0,10.0,6.0,9.8,15.7,8.0
Kathmandu,"",Nepal,27.7167,85.3167,Asia/Kathmandu,1745490818,"2025-04-24 16:18","2025-04-23 12:00",32.3,90.1,Sunny,//cdn.weatherapi.com/weather/64x64/day/113.png,7.6,12.2,246,WSW,1004.0,29.66,0.0,0.0,0.0,14,0,30.1,86.1,32.3,90.1,30.1,86.1,1.3,34.4,0,0,0,0,10.0,6.0,8.7,14.1,8.0
Kathmandu,"",Nepal,27.7167,85.3167,Asia/Kathmandu,1745490818,"2025-04-24 16:18","2025-04-23 11:00",31.7,89.1,Sunny,//cdn.weatherapi.com/weather/64x64/day/113.png,6.7,10.8,246,WSW,1005.0,29.69,0.0,0.0,0.0,14,0,29.5,85.1,31.7,89.1,29.5,85.1,1.2,34.2,0,0,0,0,10.0,6.0,7.7,12.4,8.0
Kathmandu,"",Nepal,27.7167,85.3167,Asia/Kathmandu,1745490818,"2025-04-24 16:18","2025-04-23 10:00",31.0,87.8,Sunny,//cdn.weatherapi.com/weather/64x64/day/113.png,5.6,9.0,251,WSW,1007.0,29.72,0.0,0.0,0.0,15,0,28.8,83.8,31.0,87.8,28.8,83.8,1.2,34.1,0,0,0,0,10.0,6.0,6.4,10.4,8.0
Kathmandu,"",Nepal,27.7167,85.3167,Asia/Kathmandu,1745490818,"2025-04-24 16:18","2025-04-23 09:00",30.0,86.0,Sunny,//cdn.weatherapi.com/weather/64x64/day/113.png,3.8,6.1,249,WSW,1007.0,29.74,0.0,0.0,0.0,17,0,27.8,82.0,30.0,86.0,27.8,82.0,2.6,36.6,0,0,0,0,10.0,6.0,4.4,7.1,8.0
Kathmandu,"",Nepal,27.7167,85.3167,Asia/Kathmandu,1745490818,"2025-04-24 16:18","2025-04-23 08:00",27.8,82.0,Sunny,//cdn.weatherapi.com/weather/64x64/day/113.png,1.8,2.9,193,SSW,1008.0,29.75,0.0,0.0,0.0,23,0,26.2,79.1,27.8,82.0,26.2,79.1,5.1,41.1,0,0,0,0,10.0,6.0,2.1,3.3,7.0
Kathmandu,"",Nepal,27.7167,85.3167,Asia/Kathmandu,1745490818,"2025-04-24 16:18","2025-04-23 07:00",25.5,78.0,Sunny,//cdn.weatherapi.com/weather/64x64/day/113.png,2.2,3.6,103,ESE,1008.0,29.76,0.0,0.0,0.0,30,0,25.0,77.1,25.5,78.0,25.0,77.1,6.6,43.8,0,0,0,0,10.0,6.0,2.6,4.1,7.0
Kathmandu,"",Nepal,27.7167,85.3167,Asia/Kathmandu,1745490818,"2025-04-24 16:18","2025-04-23 06:00",21.9,71.5,Sunny,//cdn.weatherapi.com/weather/64x64/day/113.png,2.5,4.0,72,ENE,1008.0,29.77,0.0,0.0,0.0,40,0,21.9,71.5,21.9,71.5,24.0,75.2,7.6,45.7,0,0,0,0,10.0,6.0,4.6,7.3,6.0
Kathmandu,"",Nepal,27.7167,85.3167,Asia/Kathmandu,1745490818,"2025-04-24 16:18","2025-04-23 05:00",19.2,66.5,Clear,//cdn.weatherapi.com/weather/64x64/night/113.png,2.9,4.7,67,ENE,1008.0,29.77,0.0,0.0,0.0,44,0,19.2,66.5,19.2,66.5,19.2,66.5,6.6,43.8,0,0,0,0,10.0,6.0,6.1,9.8,0.0
Kathmandu,"",Nepal,27.7167,85.3167,Asia/Kathmandu,1745490818,"2025-04-24 16:18","2025-04-23 04:00",18.8,65.8,Clear,//cdn.weatherapi.com/weather/64x64/night/113.png,2.9,4.7,57,ENE,1008.0,29.76,0.0,0.0,0.0,44,0,18.8,65.8,18.8,65.8,18.8,65.8,6.5,43.6,0,0,0,0,10.0,6.0,6.1,9.8,0.0
Kathmandu,"",Nepal,27.7167,85.3167,Asia/Kathmandu,1745490818,"2025-04-24 16:18","2025-04-23 03:00",19.4,66.9,Clear,//cdn.weatherapi.com/weather/64x64/night/113.png,2.9,4.7,54,NE,1008.0,29.76,0.0,0.0,0.0,45,0,19.4,66.9,19.4,66.9,19.4,66.9,7.2,45.0,0,0,0,0,10.0,6.0,6.1,9.8,0.0
Kathmandu,"",Nepal,27.7167,85.3167,Asia/Kathmandu,1745490818,"2025-04-24 16:18","2025-04-23 02:00",19.5,67.1,Clear,//cdn.weatherapi.com/weather/64x64/night/113.png,2.7,4.3,54,NE,1008.0,29.76,0.0,0.0,0.0,45,0,19.5,67.1,19.5,67.1,19.5,67.1,7.4,45.4,0,0,0,0,10.0,6.0,5.6,9.1,0.0
Kathmandu,"",Nepal,27.7167,85.3167,Asia/Kathmandu,1745490818,"2025-04-24 16:18","2025-04-23 01:00",19.2,66.6,Clear,//cdn.weatherapi.com/weather/64x64/night/113.png,2.7,4.3,55,NE,1008.0,29.77,0.0,0.0,0.0,45,0,19.2,66.6,19.2,66.6,19.2,66.6,7.1,44.7,0,0,0,0,10.0,6.0,5.6,9.1,0.0
Kathmandu,"",Nepal,27.7167,85.3167,Asia/Kathmandu,1745490818,"2025-04-24 16:18","2025-04-23 00:00",19.6,67.2,Clear,//cdn.weatherapi.com/weather/64x64/night/113.png,3.1,5.0,54,NE,1009.0,29.79,0.0,0.0,0.0,44,0,19.6,67.2,19.6,67.2,19.6,67.2,7.1,44.8,0,0,0,0,10.0,6.0,6.6,10.6,0.0
Kathmandu,"",Nepal,27.7167,85.3167,Asia/Kathmandu,1745491176,"2025-04-24 16:24","2025-04-22 23:00",20.9,69.5,Clear,//cdn.weatherapi.com/weather/64x64/night/113.png,2.0,3.2,12,NNE,1009.0,29.79,0.0,0.0,0.0,37,3,20.9,69.5,20.9,69.5,20.9,69.5,10.1,50.2,0,0,0,0,10.0,6.0,4.2,6.8,0.0
Kathmandu,"",Nepal,27.7167,85.3167,Asia/Kathmandu,1745491176,"2025-04-24 16:24","2025-04-22 22:00",21.5,70.7,Clear,//cdn.weatherapi.com/weather/64x64/night/113.png,2.0,3.2,335,NNW,1009.0,29.81,0.0,0.0,0.0,36,4,21.5,70.7,21.5,70.7,24.4,75.9,10.5,50.9,0,0,0,0,10.0,6.0,7.3,11.7,0.0
Kathmandu,"",Nepal,27.7167,85.3167,Asia/Kathmandu,1745491176,"2025-04-24 16:24","2025-04-22 21:00",21.8,71.3,Clear,//cdn.weatherapi.com/weather/64x64/night/113.png,2.2,3.6,308,NW,1010.0,29.82,0.0,0.0,0.0,36,4,21.8,71.3,21.8,71.3,24.4,75.9,10.6,51.1,0,0,0,0,10.0,6.0,8.5,13.7,0.0
Kathmandu,"",Nepal,27.7167,85.3167,Asia/Kathmandu,1745491176,"2025-04-24 16:24","2025-04-22 20:00",22.3,72.1,Clear,//cdn.weatherapi.com/weather/64x64/night/113.png,2.2,3.6,295,WNW,1010.0,29.81,0.0,0.0,0.0,36,4,24.5,76.1,22.3,72.1,24.5,76.1,10.8,51.5,0,0,0,0,10.0,6.0,9.4,15.1,0.0
Kathmandu,"",Nepal,27.7167,85.3167,Asia/Kathmandu,1745491176,"2025-04-24 16:24","2025-04-22 19:00",22.8,73.0,Clear,//cdn.weatherapi.com/weather/64x64/night/113.png,2.5,4.0,293,WNW,1009.0,29.79,0.0,0.0,0.0,35,3,24.6,76.3,22.8,73.0,24.6,76.3,11.0,51.8,0,0,0,0,10.0,6.0,9.7,15.7,0.0
Kathmandu,"",Nepal,27.7167,85.3167,Asia/Kathmandu,1745491176,"2025-04-24 16:24","2025-04-22 18:00",24.0,75.2,Sunny,//cdn.weatherapi.com/weather/64x64/day/113.png,3.8,6.1,284,WNW,1008.0,29.76,0.0,0.0,0.0,33,3,25.1,77.2,24.0,75.2,25.1,77.2,11.4,52.4,0,0,0,0,10.0,6.0,11.8,19.0,6.0
Kathmandu,"",Nepal,27.7167,85.3167,Asia/Kathmandu,1745491176,"2025-04-24 16:24","2025-04-22 17:00",26.7,80.1,Sunny,//cdn.weatherapi.com/weather/64x64/day/113.png,4.7,7.6,272,W,1007.0,29.73,0.0,0.0,0.0,28,2,26.7,80.0,26.7,80.1,26.7,80.0,11.4,52.6,0,0,0,0,10.0,6.0,12.6,20.4,7.0
Kathmandu,"",Nepal,27.7167,85.3167,Asia/Kathmandu,1745491176,"2025-04-24 16:24","2025-04-22 16:00",28.8,83.8,Sunny,//cdn.weatherapi.com/weather/64x64/day/113.png,6.7,10.8,269,W,1006.0,29.71,0.0,0.0,0.0,21,2,27.9,82.1,28.8,83.8,27.9,82.1,9.5,49.0,0,0,0,0,10.0,6.0,15.2,24.4,7.0
Kathmandu,"",Nepal,27.7167,85.3167,Asia/Kathmandu,1745491176,"2025-04-24 16:24","2025-04-22 15:00",29.9,85.8,Sunny,//cdn.weatherapi.com/weather/64x64/day/113.png,7.4,11.9,266,W,1006.0,29.72,0.0,0.0,0.0,19,0,28.7,83.6,29.9,85.8,28.7,83.6,9.2,48.5,0,0,0,0,10.0,6.0,15.8,25.4,7.0
Kathmandu,"",Nepal,27.7167,85.3167,Asia/Kathmandu,1745491176,"2025-04-24 16:24","2025-04-22 14:00",30.6,87.0,Sunny,//cdn.weatherapi.com/weather/64x64/day/113.png,7.4,11.9,264,W,1007.0,29.73,0.0,0.0,0.0,18,0,29.2,84.6,30.6,87.0,29.2,84.6,9.0,48.2,0,0,0,0,10.0,6.0,16.3,26.3,8.0
Kathmandu,"",Nepal,27.7167,85.3167,Asia/Kathmandu,1745491176,"2025-04-24 16:24","2025-04-22 13:00",30.7,87.3,Sunny,//cdn.weatherapi.com/weather/64x64/day/113.png,7.2,11.5,266,W,1007.0,29.75,0.0,0.0,0.0,19,0,29.4,84.9,30.7,87.3,29.4,84.9,9.2,48.5,0,0,0,0,10.0,6.0,16.2,26.1,8.0
Kathmandu,"",Nepal,27.7167,85.3167,Asia/Kathmandu,1745491176,"2025-04-24 16:24","2025-04-22 12:00",30.4,86.8,Sunny,//cdn.weatherapi.com/weather/64x64/day/113.png,6.7,10.8,270,W,1008.0,29.78,0.0,0.0,0.0,20,0,29.4,84.9,30.4,86.8,29.4,84.9,10.0,50.1,0,0,0,0,10.0,6.0,15.7,25.3,8.0
Kathmandu,"",Nepal,27.7167,85.3167,Asia/Kathmandu,1745491176,"2025-04-24 16:24","2025-04-22 11:00",30.0,86.0,Sunny,//cdn.weatherapi.com/weather/64x64/day/113.png,5.8,9.4,273,W,1009.0,29.81,0.0,0.0,0.0,21,2,29.0,84.2,30.0,86.0,29.0,84.2,10.2,50.4,0,0,0,0,10.0,6.0,14.6,23.6,8.0
Kathmandu,"",Nepal,27.7167,85.3167,Asia/Kathmandu,1745491176,"2025-04-24 16:24","2025-04-22 10:00",29.5,85.1,Sunny,//cdn.weatherapi.com/weather/64x64/day/113.png,4.5,7.2,273,W,1010.0,29.84,0.0,0.0,0.0,24,2,27.8,82.0,29.5,85.1,27.8,82.0,7.1,44.8,0,0,0,0,10.0,6.0,11.5,18.5,7.0
Kathmandu,"",Nepal,27.7167,85.3167,Asia/Kathmandu,1745491176,"2025-04-24 16:24","2025-04-22 09:00",27.5,81.5,Sunny,//cdn.weatherapi.com/weather/64x64/day/113.png,3.4,5.4,260,W,1011.0,29.86,0.0,0.0,0.0,29,2,26.4,79.5,27.5,81.5,26.4,79.5,7.7,45.8,0,0,0,0,10.0,6.0,7.9,12.7,7.0
Kathmandu,"",Nepal,27.7167,85.3167,Asia/Kathmandu,1745491176,"2025-04-24 16:24","2025-04-22 08:00",25.9,78.5,Sunny,//cdn.weatherapi.com/weather/64x64/day/113.png,2.7,4.3,246,WSW,1011.0,29.86,0.0,0.0,0.0,33,2,25.5,77.9,25.9,78.5,25.5,77.9,8.4,47.1,0,0,0,0,10.0,6.0,5.9,9.5,7.0
Kathmandu,"",Nepal,27.7167,85.3167,Asia/Kathmandu,1745491176,"2025-04-24 16:24","2025-04-22 07:00",23.2,73.8,Sunny,//cdn.weatherapi.com/weather/64x64/day/113.png,1.8,2.9,230,SW,1011.0,29.86,0.0,0.0,0.0,37,2,24.9,76.9,23.2,73.8,24.9,76.9,13.0,55.3,0,0,0,0,10.0,6.0,2.4,3.9,6.0
Kathmandu,"",Nepal,27.7167,85.3167,Asia/Kathmandu,1745491176,"2025-04-24 16:24","2025-04-22 06:00",20.8,69.4,Sunny,//cdn.weatherapi.com/weather/64x64/day/113.png,0.9,1.4,84,E,1011.0,29.85,0.0,0.0,0.0,47,2,20.8,69.4,20.8,69.4,20.8,69.4,9.0,48.1,0,0,0,0,10.0,6.0,1.9,3.0,6.0
Kathmandu,"",Nepal,27.7167,85.3167,Asia/Kathmandu,1745491176,"2025-04-24 16:24","2025-04-22 05:00",18.1,64.7,Clear,//cdn.weatherapi.com/weather/64x64/night/113.png,1.8,2.9,59,ENE,1010.0,29.84,0.0,0.0,0.0,51,1,18.1,64.7,18.1,64.7,18.1,64.7,7.8,46.0,0,0,0,0,10.0,6.0,3.8,6.0,0.0
Kathmandu,"",Nepal,27.7167,85.3167,Asia/Kathmandu,1745491176,"2025-04-24 16:24","2025-04-22 04:00",18.3,65.0,Clear,//cdn.weatherapi.com/weather/64x64/night/113.png,2.0,3.2,56,ENE,1010.0,29.82,0.0,0.0,0.0,51,0,18.3,65.0,18.3,65.0,18.3,65.0,8.0,46.3,0,0,0,0,10.0,6.0,4.2,6.8,0.0
Kathmandu,"",Nepal,27.7167,85.3167,Asia/Kathmandu,1745491176,"2025-04-24 16:24","2025-04-22 03:00",18.7,65.6,Clear,//cdn.weatherapi.com/weather/64x64/night/113.png,2.7,4.3,66,ENE,1010.0,29.81,0.0,0.0,0.0,51,2,18.7,65.6,18.7,65.6,18.7,65.6,8.3,46.9,0,0,0,0,10.0,6.0,5.6,9.1,0.0
Kathmandu,"",Nepal,27.7167,85.3167,Asia/Kathmandu,1745491176,"2025-04-24 16:24","2025-04-22 02:00",19.0,66.1,Clear,//cdn.weatherapi.com/weather/64x64/night/113.png,2.9,4.7,62,ENE,1010.0,29.82,0.0,0.0,0.0,51,3,19.0,66.1,19.0,66.1,19.0,66.1,8.6,47.4,0,0,0,0,10.0,6.0,6.1,9.8,0.0
Kathmandu,"",Nepal,27.7167,85.3167,Asia/Kathmandu,1745491176,"2025-04-24 16:24","2025-04-22 01:00",19.3,66.7,Clear,//cdn.weatherapi.com/weather/64x64/night/113.png,3.4,5.4,56,ENE,1010.0,29.83,0.0,0.0,0.0,50,4,19.3,66.7,19.3,66.7,19.3,66.7,8.6,47.6,0,0,0,0,10.0,6.0,7.0,11.3,0.0
Kathmandu,"",Nepal,27.7167,85.3167,Asia/Kathmandu,1745491176,"2025-04-24 16:24","2025-04-22 00:00",19.7,67.4,Clear,//cdn.weatherapi.com/weather/64x64/night/113.png,3.1,5.0,43,NE,1011.0,29.84,0.0,0.0,0.0,49,4,19.7,67.4,19.7,67.4,19.7,67.4,8.7,47.7,0,0,0,0,10.0,6.0,6.6,10.6,0.0
Kathmandu,"",Nepal,27.7167,85.3167,Asia/Kathmandu,1745491369,"2025-04-24 16:27","2025-04-21 23:00",20.1,68.2,Clear,//cdn.weatherapi.com/weather/64x64/night/113.png,2.9,4.7,63,ENE,1011.0,29.85,0.0,0.0,0.0,50,4,20.1,68.2,20.1,68.2,20.1,68.2,9.5,49.1,0,0,0,0,10.0,6.0,6.1,9.8,0.0
Kathmandu,"",Nepal,27.7167,85.3167,Asia/Kathmandu,1745491369,"2025-04-24 16:27","2025-04-21 22:00",21.3,70.3,Clear,//cdn.weatherapi.com/weather/64x64/night/113.png,3.4,5.4,57,ENE,1012.0,29.87,0.0,0.0,0.0,49,6,21.3,70.3,21.3,70.3,24.3,75.7,10.3,50.5,0,0,0,0,10.0,6.0,7.0,11.3,0.0
Kathmandu,"",Nepal,27.7167,85.3167,Asia/Kathmandu,1745491369,"2025-04-24 16:27","2025-04-21 21:00",21.1,70.0,Clear,//cdn.weatherapi.com/weather/64x64/night/113.png,3.8,6.1,46,NE,1012.0,29.87,0.0,0.0,0.0,47,9,21.1,70.0,21.1,70.0,24.2,75.6,12.8,55.1,0,0,0,0,10.0,6.0,7.3,11.8,0.0
Kathmandu,"",Nepal,27.7167,85.3167,Asia/Kathmandu,1745491369,"2025-04-24 16:27","2025-04-21 20:00",21.4,70.4,Clear,//cdn.weatherapi.com/weather/64x64/night/113.png,3.8,6.1,31,NNE,1011.0,29.87,0.0,0.0,0.0,48,10,21.4,70.4,21.4,70.4,24.3,75.7,13.0,55.4,0,0,0,0,10.0,6.0,7.5,12.1,0.0
Kathmandu,"",Nepal,27.7167,85.3167,Asia/Kathmandu,1745491369,"2025-04-24 16:27","2025-04-21 19:00",21.8,71.3,Clear,//cdn.weatherapi.com/weather/64x64/night/113.png,3.4,5.4,5,N,1010.0,29.84,0.0,0.0,0.0,47,10,21.8,71.3,21.8,71.3,24.3,75.7,13.1,55.6,0,0,0,0,10.0,6.0,9.7,15.6,0.0
Kathmandu,"",Nepal,27.7167,85.3167,Asia/Kathmandu,1745491369,"2025-04-24 16:27","2025-04-21 18:00",23.9,75.1,Sunny,//cdn.weatherapi.com/weather/64x64/day/113.png,2.7,4.3,341,NNW,1009.0,29.8,0.0,0.0,0.0,44,9,25.0,76.9,23.9,75.1,25.0,76.9,11.1,52.0,0,0,0,0,10.0,6.0,9.1,14.7,6.0
Kathmandu,"",Nepal,27.7167,85.3167,Asia/Kathmandu,1745491369,"2025-04-24 16:27","2025-04-21 17:00",25.2,77.4,Sunny,//cdn.weatherapi.com/weather/64x64/day/113.png,2.9,4.7,278,W,1009.0,29.78,0.0,0.0,0.0,40,8,25.5,77.8,25.2,77.4,25.5,77.8,13.6,56.5,0,0,0,0,10.0,6.0,15.3,24.7,7.0
Kathmandu,"",Nepal,27.7167,85.3167,Asia/Kathmandu,1745491369,"2025-04-24 16:27","2025-04-21 16:00",27.2,80.9,Sunny,//cdn.weatherapi.com/weather/64x64/day/113.png,5.1,8.3,249,WSW,1008.0,29.76,0.0,0.0,0.0,32,7,26.4,79.5,27.2,80.9,26.4,79.5,12.3,54.1,0,0,0,0,10.0,6.0,16.6,26.7,7.0
Kathmandu,"",Nepal,27.7167,85.3167,Asia/Kathmandu,1745491369,"2025-04-24 16:27","2025-04-21 15:00",28.1,82.6,Sunny,//cdn.weatherapi.com/weather/64x64/day/113.png,6.3,10.1,242,WSW,1007.0,29.73,0.0,0.0,0.0,30,6,27.0,80.6,28.1,82.6,27.0,80.6,12.2,53.9,0,0,0,0,10.0,6.0,18.2,29.4,7.0
Kathmandu,"",Nepal,27.7167,85.3167,Asia/Kathmandu,1745491369,"2025-04-24 16:27","2025-04-21 14:00",28.4,83.2,Sunny,//cdn.weatherapi.com/weather/64x64/day/113.png,6.3,10.1,248,WSW,1008.0,29.76,0.0,0.0,0.0,30,7,27.3,81.2,28.4,83.2,27.3,81.2,12.4,54.4,0,0,0,0,10.0,6.0,18.6,29.9,7.0
Kathmandu,"",Nepal,27.7167,85.3167,Asia/Kathmandu,1745491369,"2025-04-24 16:27","2025-04-21 13:00",29.7,85.5,Sunny,//cdn.weatherapi.com/weather/64x64/day/113.png,6.3,10.1,258,WSW,1008.0,29.76,0.0,0.0,0.0,30,8,28.6,83.5,29.7,85.5,28.6,83.5,10.4,50.7,0,0,0,0,10.0,6.0,18.4,29.6,7.0
Kathmandu,"",Nepal,27.7167,85.3167,Asia/Kathmandu,1745491369,"2025-04-24 16:27","2025-04-21 12:00",29.3,84.8,Sunny,//cdn.weatherapi.com/weather/64x64/day/113.png,5.6,9.0,261,W,1009.0,29.79,0.0,0.0,0.0,31,10,28.4,83.0,29.3,84.8,28.4,83.0,10.7,51.2,0,0,0,0,10.0,6.0,16.5,26.6,7.0
Kathmandu,"",Nepal,27.7167,85.3167,Asia/Kathmandu,1745491369,"2025-04-24 16:27","2025-04-21 11:00",28.6,83.4,Sunny,//cdn.weatherapi.com/weather/64x64/day/113.png,4.7,7.6,264,W,1010.0,29.82,0.0,0.0,0.0,34,11,27.8,82.1,28.6,83.4,27.8,82.1,11.1,52.0,0,0,0,0,10.0,6.0,15.8,25.4,7.0
Kathmandu,"",Nepal,27.7167,85.3167,Asia/Kathmandu,1745491369,"2025-04-24 16:27","2025-04-21 10:00",26.6,79.8,Sunny,//cdn.weatherapi.com/weather/64x64/day/113.png,4.0,6.5,264,W,1011.0,29.84,0.0,0.0,0.0,37,8,26.3,79.4,26.6,79.8,26.3,79.4,10.8,51.4,0,0,0,0,10.0,6.0,14.1,22.7,7.0
Kathmandu,"",Nepal,27.7167,85.3167,Asia/Kathmandu,1745491369,"2025-04-24 16:27","2025-04-21 09:00",24.6,76.2,Sunny,//cdn.weatherapi.com/weather/64x64/day/113.png,3.4,5.4,256,WSW,1011.0,29.86,0.0,0.0,0.0,41,6,25.2,77.3,24.6,76.2,25.2,77.3,10.6,51.1,0,0,0,0,10.0,6.0,11.0,17.8,6.0
Kathmandu,"",Nepal,27.7167,85.3167,Asia/Kathmandu,1745491369,"2025-04-24 16:27","2025-04-21 08:00",22.9,73.3,Sunny,//cdn.weatherapi.com/weather/64x64/day/113.png,2.5,4.0,245,WSW,1011.0,29.87,0.0,0.0,0.0,46,5,24.6,76.2,22.9,73.3,24.6,76.2,10.6,51.1,0,0,0,0,10.0,6.0,6.6,10.6,6.0
Kathmandu,"",Nepal,27.7167,85.3167,Asia/Kathmandu,1745491369,"2025-04-24 16:27","2025-04-21 07:00",21.1,70.0,Sunny,//cdn.weatherapi.com/weather/64x64/day/113.png,2.2,3.6,214,SW,1011.0,29.87,0.0,0.0,0.0,50,5,21.1,70.0,21.1,70.0,24.3,75.7,10.4,50.6,0,0,0,0,10.0,6.0,3.2,5.1,6.0
Kathmandu,"",Nepal,27.7167,85.3167,Asia/Kathmandu,1745491369,"2025-04-24 16:27","2025-04-21 06:00",18.4,65.2,Sunny,//cdn.weatherapi.com/weather/64x64/day/113.png,1.3,2.2,166,SSE,1011.0,29.87,0.0,0.0,0.0,58,5,18.4,65.2,18.4,65.2,18.4,65.2,9.9,49.9,0,0,0,0,10.0,6.0,2.7,4.3,5.0
Kathmandu,"",Nepal,27.7167,85.3167,Asia/Kathmandu,1745491369,"2025-04-24 16:27","2025-04-21 05:00",16.4,61.5,Clear,//cdn.weatherapi.com/weather/64x64/night/113.png,1.6,2.5,121,ESE,1011.0,29.85,0.0,0.0,0.0,61,5,16.4,61.5,16.4,61.5,16.4,61.5,8.8,47.8,0,0,0,0,10.0,6.0,3.3,5.3,0.0
Kathmandu,"",Nepal,27.7167,85.3167,Asia/Kathmandu,1745491369,"2025-04-24 16:27","2025-04-21 04:00",16.5,61.7,Clear,//cdn.weatherapi.com/weather/64x64/night/113.png,1.1,1.8,105,ESE,1010.0,29.83,0.0,0.0,0.0,61,4,16.5,61.7,16.5,61.7,16.5,61.7,8.9,48.1,0,0,0,0,10.0,6.0,2.3,3.8,0.0
Kathmandu,"",Nepal,27.7167,85.3167,Asia/Kathmandu,1745491369,"2025-04-24 16:27","2025-04-21 03:00",16.3,61.4,Clear,//cdn.weatherapi.com/weather/64x64/night/113.png,2.2,3.6,75,ENE,1010.0,29.82,0.0,0.0,0.0,64,4,16.3,61.4,16.3,61.4,16.3,61.4,9.5,49.0,0,0,0,0,10.0,6.0,4.7,7.6,0.0
Kathmandu,"",Nepal,27.7167,85.3167,Asia/Kathmandu,1745491369,"2025-04-24 16:27","2025-04-21 02:00",16.4,61.5,Clear,//cdn.weatherapi.com/weather/64x64/night/113.png,3.1,5.0,76,ENE,1010.0,29.82,0.0,0.0,0.0,66,3,16.4,61.5,16.4,61.5,16.4,61.5,10.0,50.0,0,0,0,0,10.0,6.0,6.6,10.6,0.0
Kathmandu,"",Nepal,27.7167,85.3167,Asia/Kathmandu,1745491369,"2025-04-24 16:27","2025-04-21 01:00",16.8,62.2,Clear,//cdn.weatherapi.com/weather/64x64/night/113.png,4.3,6.8,68,ENE,1010.0,29.83,0.0,0.0,0.0,67,3,16.8,62.2,16.8,62.2,16.8,62.2,10.6,51.1,0,0,0,0,10.0,6.0,8.9,14.4,0.0
Kathmandu,"",Nepal,27.7167,85.3167,Asia/Kathmandu,1745491369,"2025-04-24 16:27","2025-04-21 00:00",17.2,63.0,Clear,//cdn.weatherapi.com/weather/64x64/night/113.png,4.5,7.2,55,NE,1011.0,29.84,0.0,0.0,0.0,67,3,17.2,63.0,17.2,63.0,17.2,63.0,11.1,52.0,0,0,0,0,10.0,6.0,9.4,15.1,0.0
Kathmandu,"",Nepal,27.7167,85.3167,Asia/Kathmandu,1745491371,"2025-04-24 16:27","2025-04-20 23:00",20.0,67.9,Clear,//cdn.weatherapi.com/weather/64x64/night/113.png,4.5,7.2,48,NE,1009.0,29.8,0.0,0.0,0.0,57,5,20.0,67.9,20.0,67.9,20.0,67.9,11.3,52.4,0,0,0,0,10.0,6.0,9.4,15.1,0.0
Kathmandu,"",Nepal,27.7167,85.3167,Asia/Kathmandu,1745491371,"2025-04-24 16:27","2025-04-20 22:00",20.3,68.6,Clear,//cdn.weatherapi.com/weather/64x64/night/113.png,2.5,4.0,39,NE,1010.0,29.81,0.0,0.0,0.0,57,9,20.3,68.6,20.3,68.6,20.3,68.6,11.5,52.6,0,0,0,0,10.0,6.0,7.7,12.4,0.0
Kathmandu,"",Nepal,27.7167,85.3167,Asia/Kathmandu,1745491371,"2025-04-24 16:27","2025-04-20 21:00",20.6,69.2,Clear,//cdn.weatherapi.com/weather/64x64/night/113.png,2.2,3.6,357,N,1010.0,29.82,0.0,0.0,0.0,56,11,20.6,69.2,20.6,69.2,20.6,69.2,11.7,53.0,0,0,0,0,10.0,6.0,8.5,13.7,0.0
Kathmandu,"",Nepal,27.7167,85.3167,Asia/Kathmandu,1745491371,"2025-04-24 16:27","2025-04-20 20:00",20.0,68.0,Clear,//cdn.weatherapi.com/weather/64x64/night/113.png,2.5,4.0,332,NNW,1008.0,29.78,0.0,0.0,0.0,56,11,20.0,68.0,20.0,68.0,20.0,68.0,13.7,56.6,0,0,0,0,10.0,6.0,9.0,14.4,0.0
Kathmandu,"",Nepal,27.7167,85.3167,Asia/Kathmandu,1745491371,"2025-04-24 16:27","2025-04-20 19:00",20.5,68.9,Clear,//cdn.weatherapi.com/weather/64x64/night/113.png,1.8,2.9,309,NW,1008.0,29.76,0.0,0.0,0.0,54,9,20.5,68.9,20.5,68.9,20.5,68.9,14.1,57.3,0,0,0,0,10.0,6.0,10.8,17.4,0.0
Kathmandu,"",Nepal,27.7167,85.3167,Asia/Kathmandu,1745491371,"2025-04-24 16:27","2025-04-20 18:00",21.6,70.9,Sunny,//cdn.weatherapi.com/weather/64x64/day/113.png,2.5,4.0,318,NW,1007.0,29.74,0.0,0.0,0.0,52,10,21.6,70.9,21.6,70.9,24.4,75.9,14.4,57.8,0,0,0,0,10.0,6.0,9.2,14.8,6.0
Kathmandu,"",Nepal,27.7167,85.3167,Asia/Kathmandu,1745491371,"2025-04-24 16:27","2025-04-20 17:00",23.8,74.8,Sunny,//cdn.weatherapi.com/weather/64x64/day/113.png,2.9,4.7,300,WNW,1006.0,29.72,0.0,0.0,0.0,46,12,25.0,76.9,23.8,74.8,25.0,76.9,14.8,58.6,0,0,0,0,10.0,6.0,15.6,25.2,6.0
Kathmandu,"",Nepal,27.7167,85.3167,Asia/Kathmandu,1745491371,"2025-04-24 16:27","2025-04-20 16:00",25.3,77.6,Sunny,//cdn.weatherapi.com/weather/64x64/day/113.png,5.4,8.7,282,WNW,1006.0,29.71,0.0,0.0,0.0,39,15,25.6,78.0,25.3,77.6,25.6,78.0,14.0,57.3,0,0,0,0,10.0,6.0,16.0,25.8,7.0
Kathmandu,"",Nepal,27.7167,85.3167,Asia/Kathmandu,1745491371,"2025-04-24 16:27","2025-04-20 15:00",26.2,79.1,Sunny,//cdn.weatherapi.com/weather/64x64/day/113.png,5.7,9.2,271,W,1006.0,29.72,0.0,0.0,0.0,37,16,26.0,78.8,26.2,79.1,26.0,78.8,13.7,56.6,0,0,0,0,10.0,6.0,16.3,26.3,7.0
Kathmandu,"",Nepal,27.7167,85.3167,Asia/Kathmandu,1745491371,"2025-04-24 16:27","2025-04-20 14:00",27.5,81.4,Sunny,//cdn.weatherapi.com/weather/64x64/day/113.png,3.4,5.4,267,W,1007.0,29.73,0.0,0.0,0.0,38,17,27.1,80.9,27.5,81.4,27.1,80.9,11.8,53.3,0,0,0,0,10.0,6.0,15.1,24.2,7.0
Kathmandu,"",Nepal,27.7167,85.3167,Asia/Kathmandu,1745491371,"2025-04-24 16:27","2025-04-20 13:00",27.1,80.8,Patchy rain possible,//cdn.weatherapi.com/weather/64x64/day/176.png,3.8,6.1,270,W,1008.0,29.75,0.1,0.0,0.0,39,78,27.0,80.5,27.1,80.8,27.0,80.5,12.2,53.9,1,100,0,0,10.0,6.0,14.7,23.6,6.0
Kathmandu,"",Nepal,27.7167,85.3167,Asia/Kathmandu,1745491371,"2025-04-24 16:27","2025-04-20 12:00",26.8,80.2,Patchy rain possible,//cdn.weatherapi.com/weather/64x64/day/176.png,4.0,6.5,270,W,1009.0,29.78,0.1,0.0,0.0,42,71,26.8,80.3,26.8,80.2,26.8,80.3,12.7,54.9,1,100,0,0,10.0,6.0,13.2,21.3,6.0
Kathmandu,"",Nepal,27.7167,85.3167,Asia/Kathmandu,1745491371,"2025-04-24 16:27","2025-04-20 11:00",26.1,78.9,Patchy rain possible,//cdn.weatherapi.com/weather/64x64/day/176.png,4.0,6.5,266,W,1010.0,29.81,0.1,0.0,0.0,45,73,26.5,79.6,26.1,78.9,26.5,79.6,13.4,56.1,1,100,0,0,10.0,6.0,7.7,12.3,6.0
Kathmandu,"",Nepal,27.7167,85.3167,Asia/Kathmandu,1745491371,"2025-04-24 16:27","2025-04-20 10:00",23.9,75.0,Cloudy,//cdn.weatherapi.com/weather/64x64/day/119.png,3.6,5.8,269,W,1011.0,29.84,0.0,0.0,0.0,50,70,25.2,77.3,23.9,75.0,25.2,77.3,13.0,55.3,0,0,0,0,10.0,6.0,7.3,11.7,5.0
Kathmandu,"",Nepal,27.7167,85.3167,Asia/Kathmandu,1745491371,"2025-04-24 16:27","2025-04-20 09:00",22.0,71.6,Cloudy,//cdn.weatherapi.com/weather/64x64/day/119.png,3.1,5.0,266,W,1011.0,29.85,0.0,0.0,0.0,56,80,22.0,71.6,22.0,71.6,24.5,76.2,12.8,55.0,0,0,0,0,10.0,6.0,6.4,10.2,5.0
Kathmandu,"",Nepal,27.7167,85.3167,Asia/Kathmandu,1745491371,"2025-04-24 16:27","2025-04-20 08:00",21.1,70.0,Overcast,//cdn.weatherapi.com/weather/64x64/day/122.png,2.2,3.6,257,WSW,1011.0,29.85,0.0,0.0,0.0,61,89,21.1,70.0,21.1,70.0,24.5,76.0,13.4,56.0,0,0,0,0,10.0,6.0,5.4,8.6,5.0
Kathmandu,"",Nepal,27.7167,85.3167,Asia/Kathmandu,1745491371,"2025-04-24 16:27","2025-04-20 07:00",19.4,66.9,Cloudy,//cdn.weatherapi.com/weather/64x64/day/119.png,2.2,3.6,250,WSW,1011.0,29.84,0.0,0.0,0.0,68,73,19.4,66.9,19.4,66.9,19.4,66.9,13.3,55.9,0,0,0,0,10.0,6.0,2.8,4.5,4.0
Kathmandu,"",Nepal,27.7167,85.3167,Asia/Kathmandu,1745491371,"2025-04-24 16:27","2025-04-20 06:00",17.2,62.9,Sunny,//cdn.weatherapi.com/weather/64x64/day/113.png,0.7,1.1,147,SSE,1010.0,29.83,0.0,0.0,0.0,77,13,17.2,62.9,17.2,62.9,17.2,62.9,13.1,55.5,0,0,0,0,10.0,6.0,1.1,1.8,5.0
Kathmandu,"",Nepal,27.7167,85.3167,Asia/Kathmandu,1745491371,"2025-04-24 16:27","2025-04-20 05:00",15.2,59.4,Cloudy,//cdn.weatherapi.com/weather/64x64/night/119.png,1.8,2.9,89,E,1009.0,29.81,0.0,0.0,0.0,82,74,15.2,59.4,15.2,59.4,15.2,59.4,12.3,54.1,0,0,0,0,10.0,6.0,3.8,6.0,0.0
Kathmandu,"",Nepal,27.7167,85.3167,Asia/Kathmandu,1745491371,"2025-04-24 16:27","2025-04-20 04:00",15.4,59.6,Clear,//cdn.weatherapi.com/weather/64x64/night/113.png,2.9,4.7,75,ENE,1009.0,29.79,0.0,0.0,0.0,83,14,15.4,59.6,15.4,59.6,15.4,59.6,12.4,54.4,0,0,0,0,10.0,6.0,6.1,9.8,0.0
Kathmandu,"",Nepal,27.7167,85.3167,Asia/Kathmandu,1745491371,"2025-04-24 16:27","2025-04-20 03:00",16.1,61.0,Cloudy,//cdn.weatherapi.com/weather/64x64/night/119.png,1.1,1.8,53,NE,1008.0,29.78,0.0,0.0,0.0,82,80,16.1,61.0,16.1,61.0,16.1,61.0,13.1,55.6,0,0,0,0,9.0,5.0,2.3,3.7,0.0
Kathmandu,"",Nepal,27.7167,85.3167,Asia/Kathmandu,1745491371,"2025-04-24 16:27","2025-04-20 02:00",16.5,61.7,Overcast,//cdn.weatherapi.com/weather/64x64/night/122.png,3.6,5.8,62,ENE,1008.0,29.77,0.0,0.0,0.0,83,88,16.5,61.7,16.5,61.7,16.5,61.7,13.6,56.5,0,0,0,0,10.0,6.0,4.6,7.4,0.0
Kathmandu,"",Nepal,27.7167,85.3167,Asia/Kathmandu,1745491371,"2025-04-24 16:27","2025-04-20 01:00",17.2,62.9,Cloudy,//cdn.weatherapi.com/weather/64x64/night/119.png,2.5,4.0,75,ENE,1009.0,29.79,0.0,0.0,0.0,84,74,17.2,62.9,17.2,62.9,17.2,62.9,14.4,57.8,0,0,0,0,9.0,5.0,4.4,7.0,0.0
Kathmandu,"",Nepal,27.7167,85.3167,Asia/Kathmandu,1745491371,"2025-04-24 16:27","2025-04-20 00:00",17.3,63.1,Cloudy,//cdn.weatherapi.com/weather/64x64/night/119.png,1.8,2.9,47,NE,1009.0,29.8,0.0,0.0,0.0,83,76,17.3,63.1,17.3,63.1,17.3,63.1,14.3,57.8,0,0,0,0,9.0,5.0,3.2,5.1,0.0
Kathmandu,"",Nepal,27.7167,85.3167,Asia/Kathmandu,1745491387,"2025-04-24 16:28","2025-04-19 23:00",15.8,60.4,Partly cloudy,//cdn.weatherapi.com/weather/64x64/night/116.png,3.1,5.0,72,ENE,1011.0,29.86,0.0,0.0,0.0,91,53,15.8,60.4,15.8,60.4,15.8,60.4,14.3,57.7,0,0,0,0,10.0,6.0,6.0,9.6,0.0
Kathmandu,"",Nepal,27.7167,85.3167,Asia/Kathmandu,1745491387,"2025-04-24 16:28","2025-04-19 22:00",15.9,60.6,Partly cloudy,//cdn.weatherapi.com/weather/64x64/night/116.png,4.5,7.2,26,NNE,1011.0,29.85,0.0,0.0,0.0,92,58,15.9,60.6,15.9,60.6,15.9,60.6,14.5,58.2,0,0,0,0,7.0,4.0,8.3,13.3,0.0
Kathmandu,"",Nepal,27.7167,85.3167,Asia/Kathmandu,1745491387,"2025-04-24 16:28","2025-04-19 21:00",16.7,62.0,Cloudy,//cdn.weatherapi.com/weather/64x64/night/119.png,2.9,4.7,62,ENE,1011.0,29.84,0.0,0.0,0.0,89,79,16.7,62.0,16.7,62.0,16.7,62.0,14.8,58.7,0,0,0,0,9.0,5.0,5.0,8.1,0.0
Kathmandu,"",Nepal,27.7167,85.3167,Asia/Kathmandu,1745491387,"2025-04-24 16:28","2025-04-19 20:00",17.1,62.8,Cloudy,//cdn.weatherapi.com/weather/64x64/night/119.png,3.3,5.3,357,N,1011.0,29.85,0.0,0.0,0.0,89,78,17.1,62.8,17.1,62.8,17.1,62.8,15.2,59.4,0,0,0,0,7.0,4.0,9.1,14.7,0.0
Kathmandu,"",Nepal,27.7167,85.3167,Asia/Kathmandu,1745491387,"2025-04-24 16:28","2025-04-19 19:00",18.3,65.0,Overcast,//cdn.weatherapi.com/weather/64x64/night/122.png,4.5,7.2,13,NNE,1008.0,29.77,0.0,0.0,0.0,81,88,18.3,65.0,18.3,65.0,18.3,65.0,15.0,59.0,0,0,0,0,7.0,4.0,7.5,12.1,0.0
Kathmandu,"",Nepal,27.7167,85.3167,Asia/Kathmandu,1745491387,"2025-04-24 16:28","2025-04-19 18:00",19.0,66.3,Overcast,//cdn.weatherapi.com/weather/64x64/day/122.png,2.2,3.6,304,NW,1008.0,29.76,0.0,0.0,0.0,75,86,19.0,66.3,19.0,66.3,19.0,66.3,14.5,58.1,0,0,0,0,9.0,5.0,4.1,6.6,4.0
Kathmandu,"",Nepal,27.7167,85.3167,Asia/Kathmandu,1745491387,"2025-04-24 16:28","2025-04-19 17:00",20.4,68.7,Patchy rain possible,//cdn.weatherapi.com/weather/64x64/day/176.png,2.2,3.6,128,SE,1007.0,29.74,0.1,0.0,0.0,71,88,20.4,68.7,20.4,68.7,20.4,68.7,14.9,58.7,1,100,0,0,9.0,5.0,4.3,6.8,5.0
Kathmandu,"",Nepal,27.7167,85.3167,Asia/Kathmandu,1745491387,"2025-04-24 16:28","2025-04-19 16:00",21.7,71.1,Moderate or heavy rain shower,//cdn.weatherapi.com/weather/64x64/day/356.png,1.6,2.5,203,SSW,1007.0,29.75,2.2,0.09,0.0,63,81,21.7,71.1,21.7,71.1,24.5,76.1,14.3,57.8,1,100,0,0,10.0,6.0,2.9,4.7,5.0
Kathmandu,"",Nepal,27.7167,85.3167,Asia/Kathmandu,1745491387,"2025-04-24 16:28","2025-04-19 15:00",22.1,71.8,Cloudy,//cdn.weatherapi.com/weather/64x64/day/119.png,3.4,5.4,205,SSW,1007.0,29.75,0.0,0.0,0.0,55,81,24.5,76.2,22.1,71.8,24.5,76.2,15.4,59.7,0,0,0,0,10.0,6.0,9.5,15.3,5.0
Kathmandu,"",Nepal,27.7167,85.3167,Asia/Kathmandu,1745491387,"2025-04-24 16:28","2025-04-19 14:00",20.8,69.4,Moderate or heavy rain shower,//cdn.weatherapi.com/weather/64x64/day/356.png,4.3,6.8,198,SSW,1009.0,29.79,2.8,0.11,0.0,53,72,20.8,69.4,20.8,69.4,20.8,69.4,16.0,60.8,1,100,0,0,10.0,6.0,10.9,17.5,5.0
Kathmandu,"",Nepal,27.7167,85.3167,Asia/Kathmandu,1745491387,"2025-04-24 16:28","2025-04-19 13:00",24.1,75.4,Patchy rain possible,//cdn.weatherapi.com/weather/64x64/day/176.png,4.7,7.6,201,SSW,1008.0,29.77,0.2,0.01,0.0,53,85,25.4,77.6,24.1,75.4,25.4,77.6,14.0,57.1,1,100,0,0,9.0,5.0,6.8,10.9,5.0
Kathmandu,"",Nepal,27.7167,85.3167,Asia/Kathmandu,1745491387,"2025-04-24 16:28","2025-04-19 12:00",23.7,74.7,Patchy rain possible,//cdn.weatherapi.com/weather/64x64/day/176.png,4.3,6.8,199,SSW,1009.0,29.81,0.3,0.01,0.0,55,80,25.2,77.3,23.7,74.7,25.2,77.3,14.1,57.3,1,100,0,0,9.0,5.0,7.8,12.5,5.0
Kathmandu,"",Nepal,27.7167,85.3167,Asia/Kathmandu,1745491387,"2025-04-24 16:28","2025-04-19 11:00",23.1,73.5,Patchy rain possible,//cdn.weatherapi.com/weather/64x64/day/176.png,4.7,7.6,221,SW,1010.0,29.82,0.3,0.01,0.0,57,80,24.9,76.8,23.1,73.5,24.9,76.8,14.1,57.4,1,100,0,0,9.0,5.0,6.8,11.0,5.0
Kathmandu,"",Nepal,27.7167,85.3167,Asia/Kathmandu,1745491387,"2025-04-24 16:28","2025-04-19 10:00",22.7,72.8,Moderate or heavy rain shower,//cdn.weatherapi.com/weather/64x64/day/356.png,4.3,6.8,223,SW,1012.0,29.88,2.9,0.11,0.0,59,86,24.8,76.6,22.7,72.8,24.8,76.6,14.2,57.5,1,100,0,0,9.0,5.0,9.8,15.8,5.0
Kathmandu,"",Nepal,27.7167,85.3167,Asia/Kathmandu,1745491387,"2025-04-24 16:28","2025-04-19 09:00",21.4,70.6,Patchy rain possible,//cdn.weatherapi.com/weather/64x64/day/176.png,2.5,4.0,219,SW,1011.0,29.86,0.1,0.0,0.0,63,87,21.4,70.6,21.4,70.6,24.5,76.0,14.1,57.5,1,100,0,0,9.0,5.0,10.6,17.1,5.0
Kathmandu,"",Nepal,27.7167,85.3167,Asia/Kathmandu,1745491387,"2025-04-24 16:28","2025-04-19 08:00",20.2,68.4,Patchy rain possible,//cdn.weatherapi.com/weather/64x64/day/176.png,0.4,0.7,142,SE,1012.0,29.89,0.1,0.0,0.0,69,80,20.2,68.4,20.2,68.4,20.2,68.4,14.4,57.9,1,100,0,0,9.0,5.0,8.0,12.9,5.0
Kathmandu,"",Nepal,27.7167,85.3167,Asia/Kathmandu,1745491387,"2025-04-24 16:28","2025-04-19 07:00",18.8,65.9,Cloudy,//cdn.weatherapi.com/weather/64x64/day/119.png,1.1,1.8,60,ENE,1012.0,29.89,0.0,0.0,0.0,75,79,18.8,65.9,18.8,65.9,18.8,65.9,14.3,57.8,0,0,0,0,10.0,6.0,3.7,5.9,4.0
Kathmandu,"",Nepal,27.7167,85.3167,Asia/Kathmandu,1745491387,"2025-04-24 16:28","2025-04-19 06:00",17.2,62.9,Partly cloudy,//cdn.weatherapi.com/weather/64x64/day/116.png,0.9,1.4,30,NNE,1012.0,29.87,0.0,0.0,0.0,81,48,17.2,62.9,17.2,62.9,17.2,62.9,14.0,57.1,0,0,0,0,10.0,6.0,1.2,2.0,5.0
Kathmandu,"",Nepal,27.7167,85.3167,Asia/Kathmandu,1745491387,"2025-04-24 16:28","2025-04-19 05:00",16.0,60.8,Overcast,//cdn.weatherapi.com/weather/64x64/night/122.png,0.2,0.4,215,SW,1010.0,29.83,0.0,0.0,0.0,86,85,16.0,60.8,16.0,60.8,16.0,60.8,13.8,56.8,0,0,0,0,10.0,6.0,0.4,0.6,0.0
Kathmandu,"",Nepal,27.7167,85.3167,Asia/Kathmandu,1745491387,"2025-04-24 16:28","2025-04-19 04:00",16.0,60.8,Partly cloudy,//cdn.weatherapi.com/weather/64x64/night/116.png,0.9,1.4,189,S,1009.0,29.8,0.0,0.0,0.0,86,41,16.0,60.8,16.0,60.8,16.0,60.8,13.7,56.6,0,0,0,0,10.0,6.0,1.5,2.4,0.0
Kathmandu,"",Nepal,27.7167,85.3167,Asia/Kathmandu,1745491387,"2025-04-24 16:28","2025-04-19 03:00",16.4,61.6,Cloudy,//cdn.weatherapi.com/weather/64x64/night/119.png,0.9,1.4,153,SSE,1009.0,29.78,0.0,0.0,0.0,84,74,16.4,61.6,16.4,61.6,16.4,61.6,13.8,56.8,0,0,0,0,10.0,6.0,1.5,2.4,0.0
Kathmandu,"",Nepal,27.7167,85.3167,Asia/Kathmandu,1745491387,"2025-04-24 16:28","2025-04-19 02:00",16.7,62.1,Cloudy,//cdn.weatherapi.com/weather/64x64/night/119.png,2.2,3.6,127,SE,1009.0,29.81,0.0,0.0,0.0,83,77,16.7,62.1,16.7,62.1,16.7,62.1,13.8,56.8,0,0,0,0,10.0,6.0,3.7,6.0,0.0
Kathmandu,"",Nepal,27.7167,85.3167,Asia/Kathmandu,1745491387,"2025-04-24 16:28","2025-04-19 01:00",16.7,62.1,Clear,//cdn.weatherapi.com/weather/64x64/night/113.png,3.1,5.0,124,SE,1010.0,29.82,0.0,0.0,0.0,82,21,16.7,62.1,16.7,62.1,16.7,62.1,13.7,56.6,0,0,0,0,10.0,6.0,5.6,9.0,0.0
Kathmandu,"",Nepal,27.7167,85.3167,Asia/Kathmandu,1745491387,"2025-04-24 16:28","2025-04-19 00:00",16.7,62.1,Overcast,//cdn.weatherapi.com/weather/64x64/night/122.png,3.1,5.0,104,ESE,1010.0,29.83,0.0,0.0,0.0,82,89,16.7,62.1,16.7,62.1,16.7,62.1,13.7,56.6,0,0,0,0,9.0,5.0,5.9,9.4,0.0
Kathmandu,"",Nepal,27.7167,85.3167,Asia/Kathmandu,1745491402,"2025-04-24 16:28","2025-04-18 23:00",18.3,65.0,Cloudy,//cdn.weatherapi.com/weather/64x64/night/119.png,3.1,5.0,72,ENE,1010.0,29.83,0.0,0.0,0.0,67,70,18.3,65.0,18.3,65.0,18.3,65.0,12.1,53.8,0,0,0,0,10.0,6.0,6.6,10.6,0.0
Kathmandu,"",Nepal,27.7167,85.3167,Asia/Kathmandu,1745491402,"2025-04-24 16:28","2025-04-18 22:00",18.6,65.5,Clear,//cdn.weatherapi.com/weather/64x64/night/113.png,2.9,4.7,63,ENE,1010.0,29.82,0.0,0.0,0.0,66,12,18.6,65.5,18.6,65.5,18.6,65.5,12.3,54.1,0,0,0,0,10.0,6.0,6.1,9.8,0.0
Kathmandu,"",Nepal,27.7167,85.3167,Asia/Kathmandu,1745491402,"2025-04-24 16:28","2025-04-18 21:00",18.9,66.0,Clear,//cdn.weatherapi.com/weather/64x64/night/113.png,2.5,4.0,76,ENE,1009.0,29.79,0.0,0.0,0.0,66,14,18.9,66.0,18.9,66.0,18.9,66.0,12.4,54.4,0,0,0,0,10.0,6.0,5.2,8.3,0.0
Kathmandu,"",Nepal,27.7167,85.3167,Asia/Kathmandu,1745491402,"2025-04-24 16:28","2025-04-18 20:00",19.2,66.6,Clear,//cdn.weatherapi.com/weather/64x64/night/113.png,2.7,4.3,66,ENE,1008.0,29.77,0.0,0.0,0.0,65,19,19.2,66.6,19.2,66.6,19.2,66.6,12.6,54.7,0,0,0,0,10.0,6.0,5.5,8.8,0.0
Kathmandu,"",Nepal,27.7167,85.3167,Asia/Kathmandu,1745491402,"2025-04-24 16:28","2025-04-18 19:00",19.5,67.1,Clear,//cdn.weatherapi.com/weather/64x64/night/113.png,2.0,3.2,69,ENE,1007.0,29.74,0.0,0.0,0.0,65,19,19.5,67.1,19.5,67.1,19.5,67.1,12.9,55.1,0,0,0,0,10.0,6.0,4.0,6.4,0.0
Kathmandu,"",Nepal,27.7167,85.3167,Asia/Kathmandu,1745491402,"2025-04-24 16:28","2025-04-18 18:00",20.1,68.2,Overcast,//cdn.weatherapi.com/weather/64x64/day/122.png,1.3,2.2,352,N,1006.0,29.72,0.0,0.0,0.0,64,86,20.1,68.2,20.1,68.2,20.1,68.2,13.1,55.6,0,0,0,0,10.0,6.0,2.5,4.0,5.0
Kathmandu,"",Nepal,27.7167,85.3167,Asia/Kathmandu,1745491402,"2025-04-24 16:28","2025-04-18 17:00",21.4,70.5,Cloudy,//cdn.weatherapi.com/weather/64x64/day/119.png,1.3,2.2,317,NW,1006.0,29.72,0.0,0.0,0.0,61,83,21.4,70.5,21.4,70.5,24.5,76.0,13.6,56.6,0,0,0,0,10.0,6.0,5.2,8.4,5.0
Kathmandu,"",Nepal,27.7167,85.3167,Asia/Kathmandu,1745491402,"2025-04-24 16:28","2025-04-18 16:00",21.9,71.5,Cloudy,//cdn.weatherapi.com/weather/64x64/day/119.png,1.6,2.5,300,WNW,1007.0,29.72,0.0,0.0,0.0,59,78,21.9,71.5,21.9,71.5,24.6,76.2,13.6,56.4,0,0,0,0,9.0,5.0,5.0,8.1,5.0
Kathmandu,"",Nepal,27.7167,85.3167,Asia/Kathmandu,1745491402,"2025-04-24 16:28","2025-04-18 15:00",22.4,72.3,Patchy rain possible,//cdn.weatherapi.com/weather/64x64/day/176.png,2.0,3.2,236,WSW,1007.0,29.73,0.1,0.0,0.0,57,88,24.7,76.4,22.4,72.3,24.7,76.4,13.5,56.3,1,100,0,0,9.0,5.0,4.9,7.8,5.0
Kathmandu,"",Nepal,27.7167,85.3167,Asia/Kathmandu,1745491402,"2025-04-24 16:28","2025-04-18 14:00",22.4,72.3,Patchy rain possible,//cdn.weatherapi.com/weather/64x64/day/176.png,3.1,5.0,213,SSW,1007.0,29.74,0.1,0.0,0.0,56,74,24.6,76.4,22.4,72.3,24.6,76.4,13.3,55.9,1,100,0,0,9.0,5.0,3.8,6.1,5.0
Kathmandu,"",Nepal,27.7167,85.3167,Asia/Kathmandu,1745491402,"2025-04-24 16:28","2025-04-18 13:00",23.2,73.7,Patchy rain possible,//cdn.weatherapi.com/weather/64x64/day/176.png,4.9,7.9,208,SSW,1007.0,29.75,0.1,0.0,0.0,52,71,24.9,76.7,23.2,73.7,24.9,76.7,12.8,55.0,1,100,0,0,10.0,6.0,5.7,9.1,5.0
Kathmandu,"",Nepal,27.7167,85.3167,Asia/Kathmandu,1745491402,"2025-04-24 16:28","2025-04-18 12:00",24.8,76.7,Patchy rain possible,//cdn.weatherapi.com/weather/64x64/day/176.png,5.6,9.0,202,SSW,1008.0,29.78,0.1,0.0,0.0,45,74,25.5,77.9,24.8,76.7,25.5,77.9,12.2,53.9,1,100,0,0,10.0,6.0,6.4,10.4,5.0
Kathmandu,"",Nepal,27.7167,85.3167,Asia/Kathmandu,1745491402,"2025-04-24 16:28","2025-04-18 11:00",24.5,76.1,Patchy rain possible,//cdn.weatherapi.com/weather/64x64/day/176.png,4.0,6.5,200,SSW,1010.0,29.81,0.1,0.0,0.0,39,81,25.0,77.0,24.5,76.1,25.0,77.0,12.9,55.2,1,100,0,0,9.0,5.0,8.0,12.9,5.0
Kathmandu,"",Nepal,27.7167,85.3167,Asia/Kathmandu,1745491402,"2025-04-24 16:28","2025-04-18 10:00",23.2,73.8,Overcast,//cdn.weatherapi.com/weather/64x64/day/122.png,2.2,3.6,196,SSW,1010.0,29.84,0.0,0.0,0.0,39,85,24.4,75.9,23.2,73.8,24.4,75.9,14.0,57.2,0,0,0,0,5.0,3.0,10.2,16.4,5.0
Kathmandu,"",Nepal,27.7167,85.3167,Asia/Kathmandu,1745491402,"2025-04-24 16:28","2025-04-18 09:00",22.2,72.0,Overcast,//cdn.weatherapi.com/weather/64x64/day/122.png,1.6,2.5,163,SSE,1011.0,29.85,0.0,0.0,0.0,43,88,24.2,75.6,22.2,72.0,24.2,75.6,14.2,57.6,0,0,0,0,10.0,6.0,10.0,16.1,5.0
Kathmandu,"",Nepal,27.7167,85.3167,Asia/Kathmandu,1745491402,"2025-04-24 16:28","2025-04-18 08:00",21.7,71.0,Sunny,//cdn.weatherapi.com/weather/64x64/day/113.png,2.2,3.6,107,ESE,1010.0,29.83,0.0,0.0,0.0,48,19,21.7,71.0,21.7,71.0,24.3,75.7,13.7,56.6,0,0,0,0,10.0,6.0,6.0,9.6,6.0
Kathmandu,"",Nepal,27.7167,85.3167,Asia/Kathmandu,1745491402,"2025-04-24 16:28","2025-04-18 07:00",19.4,66.9,Sunny,//cdn.weatherapi.com/weather/64x64/day/113.png,2.9,4.7,93,E,1010.0,29.83,0.0,0.0,0.0,55,22,19.4,66.9,19.4,66.9,19.4,66.9,13.6,56.5,0,0,0,0,10.0,6.0,3.4,5.4,5.0
Kathmandu,"",Nepal,27.7167,85.3167,Asia/Kathmandu,1745491402,"2025-04-24 16:28","2025-04-18 06:00",17.2,63.0,Sunny,//cdn.weatherapi.com/weather/64x64/day/113.png,2.5,4.0,75,ENE,1010.0,29.82,0.0,0.0,0.0,64,20,17.2,63.0,17.2,63.0,17.2,63.0,13.2,55.7,0,0,0,0,10.0,6.0,3.7,6.0,5.0
Kathmandu,"",Nepal,27.7167,85.3167,Asia/Kathmandu,1745491402,"2025-04-24 16:28","2025-04-18 05:00",15.9,60.7,Clear,//cdn.weatherapi.com/weather/64x64/night/113.png,1.6,2.5,76,ENE,1009.0,29.8,0.0,0.0,0.0,71,17,15.9,60.7,15.9,60.7,15.9,60.7,10.7,51.2,0,0,0,0,10.0,6.0,3.3,5.3,0.0
Kathmandu,"",Nepal,27.7167,85.3167,Asia/Kathmandu,1745491402,"2025-04-24 16:28","2025-04-18 04:00",16.1,61.0,Clear,//cdn.weatherapi.com/weather/64x64/night/113.png,1.1,1.8,97,E,1009.0,29.79,0.0,0.0,0.0,70,15,16.1,61.0,16.1,61.0,16.1,61.0,10.7,51.3,0,0,0,0,10.0,6.0,2.3,3.7,0.0
Kathmandu,"",Nepal,27.7167,85.3167,Asia/Kathmandu,1745491402,"2025-04-24 16:28","2025-04-18 03:00",16.6,61.8,Clear,//cdn.weatherapi.com/weather/64x64/night/113.png,0.9,1.4,165,SSE,1008.0,29.76,0.0,0.0,0.0,69,13,16.6,61.8,16.6,61.8,16.6,61.8,10.9,51.5,0,0,0,0,10.0,6.0,1.9,3.0,0.0
Kathmandu,"",Nepal,27.7167,85.3167,Asia/Kathmandu,1745491402,"2025-04-24 16:28","2025-04-18 02:00",16.2,61.1,Clear,//cdn.weatherapi.com/weather/64x64/night/113.png,0.9,1.4,127,SE,1008.0,29.76,0.0,0.0,0.0,67,11,16.2,61.1,16.2,61.1,16.2,61.1,12.3,54.1,0,0,0,0,10.0,6.0,1.8,2.9,0.0
Kathmandu,"",Nepal,27.7167,85.3167,Asia/Kathmandu,1745491402,"2025-04-24 16:28","2025-04-18 01:00",16.2,61.2,Clear,//cdn.weatherapi.com/weather/64x64/night/113.png,2.0,3.2,92,E,1008.0,29.78,0.0,0.0,0.0,68,10,16.2,61.2,16.2,61.2,16.2,61.2,12.5,54.6,0,0,0,0,10.0,6.0,4.0,6.5,0.0
Kathmandu,"",Nepal,27.7167,85.3167,Asia/Kathmandu,1745491402,"2025-04-24 16:28","2025-04-18 00:00",16.0,60.9,Clear,//cdn.weatherapi.com/weather/64x64/night/113.png,3.4,5.4,76,ENE,1009.0,29.8,0.0,0.0,0.0,70,15,16.0,60.9,16.0,60.9,16.0,60.9,12.7,54.9,0,0,0,0,10.0,6.0,7.0,11.3,0.0
Kathmandu,"",Nepal,27.7167,85.3167,Asia/Kathmandu,1745491378,"2025-04-24 16:27","2025-04-17 23:00",16.1,60.9,Clear,//cdn.weatherapi.com/weather/64x64/night/113.png,4.3,6.8,82,E,1010.0,29.82,0.0,0.0,0.0,66,7,16.1,60.9,16.1,60.9,16.1,60.9,12.4,54.4,0,0,0,0,10.0,6.0,8.9,14.4,0.0
Kathmandu,"",Nepal,27.7167,85.3167,Asia/Kathmandu,1745491378,"2025-04-24 16:27","2025-04-17 22:00",16.5,61.6,Clear,//cdn.weatherapi.com/weather/64x64/night/113.png,4.7,7.6,80,E,1010.0,29.81,0.0,0.0,0.0,66,7,16.5,61.6,16.5,61.6,16.5,61.6,13.0,55.3,0,0,0,0,10.0,6.0,9.9,15.9,0.0
Kathmandu,"",Nepal,27.7167,85.3167,Asia/Kathmandu,1745491378,"2025-04-24 16:27","2025-04-17 21:00",16.8,62.2,Clear,//cdn.weatherapi.com/weather/64x64/night/113.png,4.0,6.5,79,E,1010.0,29.81,0.0,0.0,0.0,66,7,16.8,62.2,16.8,62.2,16.8,62.2,13.3,55.9,0,0,0,0,10.0,6.0,8.5,13.6,0.0
Kathmandu,"",Nepal,27.7167,85.3167,Asia/Kathmandu,1745491378,"2025-04-24 16:27","2025-04-17 20:00",18.2,64.8,Clear,//cdn.weatherapi.com/weather/64x64/night/113.png,3.1,5.0,84,E,1009.0,29.81,0.0,0.0,0.0,65,7,18.2,64.8,18.2,64.8,18.2,64.8,11.6,52.9,0,0,0,0,10.0,6.0,6.6,10.5,0.0
Kathmandu,"",Nepal,27.7167,85.3167,Asia/Kathmandu,1745491378,"2025-04-24 16:27","2025-04-17 19:00",18.6,65.4,Clear,//cdn.weatherapi.com/weather/64x64/night/113.png,2.7,4.3,83,E,1009.0,29.79,0.0,0.0,0.0,64,8,18.6,65.4,18.6,65.4,18.6,65.4,11.7,53.1,0,0,0,0,10.0,6.0,5.5,8.8,0.0
Kathmandu,"",Nepal,27.7167,85.3167,Asia/Kathmandu,1745491378,"2025-04-24 16:27","2025-04-17 18:00",19.2,66.5,Sunny,//cdn.weatherapi.com/weather/64x64/day/113.png,2.7,4.3,6,N,1008.0,29.77,0.0,0.0,0.0,63,8,19.2,66.5,19.2,66.5,19.2,66.5,11.9,53.4,0,0,0,0,10.0,6.0,5.2,8.4,5.0
Kathmandu,"",Nepal,27.7167,85.3167,Asia/Kathmandu,1745491378,"2025-04-24 16:27","2025-04-17 17:00",20.1,68.1,Sunny,//cdn.weatherapi.com/weather/64x64/day/113.png,1.3,2.2,300,WNW,1008.0,29.78,0.0,0.0,0.0,55,11,20.1,68.1,20.1,68.1,20.1,68.1,14.7,58.4,0,0,0,0,10.0,6.0,5.3,8.6,6.0
Kathmandu,"",Nepal,27.7167,85.3167,Asia/Kathmandu,1745491378,"2025-04-24 16:27","2025-04-17 16:00",20.8,69.4,Sunny,//cdn.weatherapi.com/weather/64x64/day/113.png,1.6,2.5,95,E,1008.0,29.76,0.0,0.0,0.0,51,13,20.8,69.4,20.8,69.4,20.8,69.4,14.2,57.6,0,0,0,0,10.0,6.0,9.4,15.1,6.0
Kathmandu,"",Nepal,27.7167,85.3167,Asia/Kathmandu,1745491378,"2025-04-24 16:27","2025-04-17 15:00",20.0,67.9,Moderate or heavy rain shower,//cdn.weatherapi.com/weather/64x64/day/356.png,0.7,1.1,285,WNW,1008.0,29.78,6.3,0.25,0.0,63,77,20.0,67.9,20.0,67.9,20.0,67.9,12.7,54.8,1,100,0,0,10.0,6.0,10.8,17.4,4.0
Kathmandu,"",Nepal,27.7167,85.3167,Asia/Kathmandu,1745491378,"2025-04-24 16:27","2025-04-17 14:00",20.1,68.1,Moderate or heavy rain shower,//cdn.weatherapi.com/weather/64x64/day/356.png,2.9,4.7,180,S,1009.0,29.79,4.2,0.17,0.0,73,72,20.1,68.1,20.1,68.1,20.1,68.1,14.5,58.1,1,100,0,0,9.0,5.0,11.2,18.1,5.0
Kathmandu,"",Nepal,27.7167,85.3167,Asia/Kathmandu,1745491378,"2025-04-24 16:27","2025-04-17 13:00",22.1,71.9,Cloudy,//cdn.weatherapi.com/weather/64x64/day/119.png,4.5,7.2,224,SW,1009.0,29.79,0.0,0.0,0.0,64,78,24.6,76.3,22.1,71.9,24.6,76.3,14.3,57.8,0,0,0,0,8.0,4.0,12.6,20.2,5.0
Kathmandu,"",Nepal,27.7167,85.3167,Asia/Kathmandu,1745491378,"2025-04-24 16:27","2025-04-17 12:00",24.0,75.2,Moderate rain at times,//cdn.weatherapi.com/weather/64x64/day/299.png,3.1,5.0,282,WNW,1009.0,29.79,0.5,0.02,0.0,45,78,25.0,77.0,24.0,75.2,25.0,77.0,11.3,52.3,1,100,0,0,9.0,5.0,12.5,20.1,5.0
Kathmandu,"",Nepal,27.7167,85.3167,Asia/Kathmandu,1745491378,"2025-04-24 16:27","2025-04-17 11:00",23.6,74.5,Patchy rain possible,//cdn.weatherapi.com/weather/64x64/day/176.png,0.9,1.4,309,NW,1010.0,29.82,0.3,0.01,0.0,40,78,24.6,76.2,23.6,74.5,24.6,76.2,12.4,54.2,1,100,0,0,9.0,5.0,10.7,17.2,5.0
Kathmandu,"",Nepal,27.7167,85.3167,Asia/Kathmandu,1745491378,"2025-04-24 16:27","2025-04-17 10:00",24.0,75.2,Patchy rain possible,//cdn.weatherapi.com/weather/64x64/day/176.png,0.0,0.0,302,WNW,1011.0,29.85,0.2,0.01,0.0,42,89,24.9,76.7,24.0,75.2,24.9,76.7,10.2,50.3,1,100,0,0,10.0,6.0,4.4,7.0,5.0
Kathmandu,"",Nepal,27.7167,85.3167,Asia/Kathmandu,1745491378,"2025-04-24 16:27","2025-04-17 09:00",21.3,70.4,Patchy rain possible,//cdn.weatherapi.com/weather/64x64/day/176.png,1.8,2.9,83,E,1012.0,29.88,0.2,0.01,0.0,51,85,21.3,70.4,21.3,70.4,24.3,75.8,10.7,51.2,1,100,0,0,10.0,6.0,4.9,7.8,5.0
Kathmandu,"",Nepal,27.7167,85.3167,Asia/Kathmandu,1745491378,"2025-04-24 16:27","2025-04-17 08:00",18.4,65.1,Overcast,//cdn.weatherapi.com/weather/64x64/day/122.png,2.9,4.7,57,ENE,1012.0,29.9,0.0,0.0,0.0,63,86,18.4,65.1,18.4,65.1,18.4,65.1,11.1,52.1,0,0,0,0,10.0,6.0,4.5,7.3,4.0
Kathmandu,"",Nepal,27.7167,85.3167,Asia/Kathmandu,1745491378,"2025-04-24 16:27","2025-04-17 07:00",17.2,63.0,Cloudy,//cdn.weatherapi.com/weather/64x64/day/119.png,2.7,4.3,42,NE,1012.0,29.88,0.0,0.0,0.0,62,72,17.2,63.0,17.2,63.0,17.2,63.0,10.0,50.0,0,0,0,0,9.0,5.0,5.0,8.1,4.0
Kathmandu,"",Nepal,27.7167,85.3167,Asia/Kathmandu,1745491378,"2025-04-24 16:27","2025-04-17 06:00",17.1,62.7,Cloudy,//cdn.weatherapi.com/weather/64x64/day/119.png,1.8,2.9,39,NE,1012.0,29.87,0.0,0.0,0.0,60,84,17.1,62.7,17.1,62.7,17.1,62.7,9.3,48.8,0,0,0,0,10.0,6.0,3.6,5.9,4.0
Kathmandu,"",Nepal,27.7167,85.3167,Asia/Kathmandu,1745491378,"2025-04-24 16:27","2025-04-17 05:00",15.8,60.5,Cloudy,//cdn.weatherapi.com/weather/64x64/night/119.png,1.1,1.8,59,ENE,1010.0,29.83,0.0,0.0,0.0,63,79,15.8,60.5,15.8,60.5,15.8,60.5,8.9,47.9,0,0,0,0,9.0,5.0,2.3,3.8,0.0
Kathmandu,"",Nepal,27.7167,85.3167,Asia/Kathmandu,1745491378,"2025-04-24 16:27","2025-04-17 04:00",16.4,61.5,Cloudy,//cdn.weatherapi.com/weather/64x64/night/119.png,3.1,5.0,78,ENE,1011.0,29.84,0.0,0.0,0.0,59,80,16.4,61.5,16.4,61.5,16.4,61.5,8.3,46.9,0,0,0,0,10.0,6.0,6.6,10.6,0.0
Kathmandu,"",Nepal,27.7167,85.3167,Asia/Kathmandu,1745491378,"2025-04-24 16:27","2025-04-17 03:00",17.1,62.7,Cloudy,//cdn.weatherapi.com/weather/64x64/night/119.png,3.1,5.0,68,ENE,1010.0,29.84,0.0,0.0,0.0,58,78,17.1,62.7,17.1,62.7,17.1,62.7,8.7,47.6,0,0,0,0,10.0,6.0,6.6,10.6,0.0
Kathmandu,"",Nepal,27.7167,85.3167,Asia/Kathmandu,1745491378,"2025-04-24 16:27","2025-04-17 02:00",17.0,62.7,Clear,//cdn.weatherapi.com/weather/64x64/night/113.png,3.1,5.0,72,ENE,1010.0,29.84,0.0,0.0,0.0,58,12,17.0,62.7,17.0,62.7,17.0,62.7,8.8,47.9,0,0,0,0,10.0,6.0,6.6,10.6,0.0
Kathmandu,"",Nepal,27.7167,85.3167,Asia/Kathmandu,1745491378,"2025-04-24 16:27","2025-04-17 01:00",16.9,62.4,Clear,//cdn.weatherapi.com/weather/64x64/night/113.png,2.9,4.7,69,ENE,1011.0,29.85,0.0,0.0,0.0,61,11,16.9,62.4,16.9,62.4,16.9,62.4,9.4,48.8,0,0,0,0,10.0,6.0,6.1,9.8,0.0
Kathmandu,"",Nepal,27.7167,85.3167,Asia/Kathmandu,1745491378,"2025-04-24 16:27","2025-04-17 00:00",16.7,62.1,Clear,//cdn.weatherapi.com/weather/64x64/night/113.png,2.7,4.3,59,ENE,1011.0,29.84,0.0,0.0,0.0,63,9,16.7,62.1,16.7,62.1,16.7,62.1,9.7,49.4,0,0,0,0,10.0,6.0,5.6,9.1,0.0
